{"_runtime":621,"train/grad_norm":0.7580533623695374,"train/learning_rate":4.434589800443459e-07,"train_samples_per_second":48.151,"train_loss":0.47614501011476185,"total_flos":1.481128320837796e+17,"_timestamp":1.7722318839032667e+09,"train/loss":0.4648,"train/epoch":3,"train_steps_per_second":0.732,"_wandb":{"runtime":621},"train/global_step":456,"_step":456,"train_runtime":623.0414}