{"train/grad_norm":0.598761260509491,"train/learning_rate":4.434589800443459e-07,"train_runtime":1138.7108,"train_steps_per_second":0.4,"train_loss":0.5513601699811325,"train_samples_per_second":26.346,"total_flos":2.1257862341732352e+17,"_timestamp":1.7710565300337985e+09,"_runtime":823,"_step":456,"train/epoch":3,"train/global_step":456,"_wandb":{"runtime":823},"train/loss":0.5444}