{"_wandb":{"runtime":611},"train/grad_norm":0.8305327296257019,"_runtime":611,"train/loss":0.3983,"_timestamp":1.7722233952977061e+09,"train/learning_rate":4.434589800443459e-07,"train/global_step":456,"_step":456,"train/epoch":3,"train_runtime":612.855,"train_samples_per_second":48.951,"train_steps_per_second":0.744,"total_flos":1.4803072057086566e+17,"train_loss":0.4716845596568626}