{"train_steps_per_second":0.701,"_wandb":{"runtime":636},"train/grad_norm":0.5024656057357788,"train_runtime":650.3296,"total_flos":1.4764356266023526e+17,"train_loss":0.17007815625453204,"_step":456,"train/learning_rate":4.434589800443459e-07,"train/global_step":456,"_timestamp":1.7726881740001793e+09,"train_samples_per_second":46.13,"train/loss":0.079,"train/epoch":3,"_runtime":636}