{"_timestamp":1.7729108387901242e+09,"train/grad_norm":0.7359429001808167,"_runtime":761,"train/global_step":456,"train/loss":0.4258,"_wandb":{"runtime":761},"_step":456,"total_flos":1.935385377311232e+17,"train_loss":0.4637596052989625,"train/epoch":3,"train_samples_per_second":39.358,"train_steps_per_second":0.598,"train/learning_rate":4.434589800443459e-07,"train_runtime":762.2351}