{"train_loss":0.35710111208129347,"_runtime":655,"train/learning_rate":4.434589800443459e-07,"train_steps_per_second":0.548,"_timestamp":1.7717138924857295e+09,"train/grad_norm":0.9457494616508484,"_step":456,"train_samples_per_second":36.034,"total_flos":1.5677155493779046e+17,"_wandb":{"runtime":655},"train/loss":0.4092,"train/epoch":3,"train/global_step":456,"train_runtime":832.5496}