{"total_flos":1.937696412223918e+17,"_step":456,"train/epoch":3,"train_loss":0.4600187585149941,"train/grad_norm":0.6301783323287964,"train/learning_rate":4.434589800443459e-07,"_wandb":{"runtime":761},"_runtime":761,"_timestamp":1.7729098724256165e+09,"train/global_step":456,"train_steps_per_second":0.598,"train/loss":0.3579,"train_runtime":763.0623,"train_samples_per_second":39.315}