{"train/grad_norm":0.4016173779964447,"train/learning_rate":4.434589800443459e-07,"_wandb":{"runtime":884},"train_loss":0.2674276239581798,"train/epoch":3,"train_samples_per_second":33.851,"total_flos":2.221144503906263e+17,"_runtime":884,"train/loss":0.2331,"train/global_step":456,"_timestamp":1.7721794470229409e+09,"train_runtime":886.2473,"_step":456,"train_steps_per_second":0.515}