{"train_loss":0.5550085884567938,"_runtime":852,"train/loss":0.5881,"total_flos":2.1258551567902925e+17,"train/global_step":456,"_wandb":{"runtime":852},"train_runtime":1005.4386,"train/grad_norm":0.6452194452285767,"train/epoch":3,"_step":456,"train/learning_rate":4.434589800443459e-07,"_timestamp":1.771207565085197e+09,"train_samples_per_second":29.838,"train_steps_per_second":0.454}