{"train/learning_rate":4.434589800443459e-07,"train/grad_norm":0.35285910964012146,"train_runtime":885.5622,"total_flos":1.4810449329801216e+17,"train_steps_per_second":0.515,"train_loss":0.8934458268054745,"_wandb":{"runtime":636},"_step":456,"train/global_step":456,"_runtime":636,"train/loss":0.8417,"train/epoch":3,"_timestamp":1.772901906237737e+09,"train_samples_per_second":33.877}