{"total_flos":1.481390396961915e+17,"_runtime":608,"train/global_step":456,"train_samples_per_second":49.175,"train/grad_norm":0.6685051918029785,"_step":456,"train/loss":0.2977,"train_loss":0.36131886235977473,"train/learning_rate":4.434589800443459e-07,"_timestamp":1.7717176165075264e+09,"train_runtime":610.0619,"_wandb":{"runtime":608},"train/epoch":3,"train_steps_per_second":0.747}