{"_wandb":{"runtime":863},"train/grad_norm":0.4655248522758484,"train_loss":0.28122032129842983,"train_runtime":864.6213,"train_samples_per_second":34.697,"total_flos":2.220839032060293e+17,"train/global_step":456,"train_steps_per_second":0.527,"_runtime":863,"_timestamp":1.7729135511964428e+09,"train/loss":0.2503,"train/learning_rate":4.434589800443459e-07,"train/epoch":3,"_step":456}