{"train/loss":0.2179,"train/grad_norm":0.6835553646087646,"train/epoch":3,"train_samples_per_second":46.293,"train/learning_rate":4.434589800443459e-07,"train_runtime":648.0394,"_wandb":{"runtime":634},"_timestamp":1.7714414854837282e+09,"train_loss":0.29748185923355713,"_runtime":634,"_step":456,"train/global_step":456,"train_steps_per_second":0.704,"total_flos":1.477850667493294e+17}