{"train/loss":0.4285,"train_samples_per_second":36.209,"_timestamp":1.7712112087813199e+09,"train/learning_rate":4.434589800443459e-07,"_step":456,"train_steps_per_second":0.55,"train_loss":0.5554854040475268,"_wandb":{"runtime":826},"_runtime":826,"train/global_step":456,"train/grad_norm":0.4933871924877167,"total_flos":2.1251029642782106e+17,"train/epoch":3,"train_runtime":828.5231}