{"_wandb":{"runtime":645},"_timestamp":1.7719918336225023e+09,"_runtime":645,"train/learning_rate":4.434589800443459e-07,"train/global_step":456,"_step":456,"train_steps_per_second":0.69,"train/grad_norm":0.6341512203216553,"train_loss":0.2811260834793773,"train/loss":0.2292,"train_runtime":660.7537,"train/epoch":3,"train_samples_per_second":45.403,"total_flos":1.4775775297145856e+17}