{"_runtime":685,"train/global_step":456,"train_samples_per_second":43.679,"train/epoch":3,"train_steps_per_second":0.664,"total_flos":1.7042435956998144e+17,"_wandb":{"runtime":685},"train_runtime":686.8279,"train_loss":0.2405509593847551,"_step":456,"train/loss":0.2126,"train/grad_norm":0.900354266166687,"train/learning_rate":4.434589800443459e-07,"_timestamp":1.7712141867500026e+09}