{"train_samples_per_second":34.491,"train_steps_per_second":0.524,"train/global_step":456,"_step":456,"train/grad_norm":0.6452194452285767,"train_loss":0.5550085884567938,"train/epoch":3,"total_flos":2.1258551567902925e+17,"train/loss":0.5881,"train/learning_rate":4.434589800443459e-07,"_wandb":{"runtime":851},"_runtime":851,"_timestamp":1.7711320990647426e+09,"train_runtime":869.7948}