{"_step":456,"train/loss":0.1972,"train/grad_norm":0.584581732749939,"_timestamp":1.771443157953848e+09,"train_samples_per_second":49.235,"train_steps_per_second":0.748,"train_loss":0.3007053763916095,"total_flos":1.4771648449087488e+17,"_wandb":{"runtime":608},"train_runtime":609.3219,"train/epoch":3,"train/learning_rate":4.434589800443459e-07,"_runtime":608,"train/global_step":456}