{"train_samples_per_second":48.863,"_runtime":612,"_wandb":{"runtime":612},"_timestamp":1.7720421746489632e+09,"train/epoch":3,"train/global_step":456,"train/loss":0.1611,"train_steps_per_second":0.743,"train_loss":0.2869105978558461,"train/learning_rate":4.434589800443459e-07,"total_flos":1.477432026411909e+17,"_step":456,"train/grad_norm":0.7085017561912537,"train_runtime":613.9578}