{"train/grad_norm":0.3727410137653351,"train/epoch":3,"train/loss":0.9028,"train_runtime":604.0574,"train_samples_per_second":49.664,"train_steps_per_second":0.755,"_wandb":{"runtime":602},"_step":456,"_runtime":602,"train/learning_rate":4.434589800443459e-07,"train/global_step":456,"_timestamp":1.7729027749985316e+09,"total_flos":1.481128320837796e+17,"train_loss":0.9025928664364313}