{"train_loss":0.28750969119892833,"_wandb":{"runtime":921},"_runtime":921,"train/epoch":3,"train/loss":0.2641,"train/grad_norm":0.4396640658378601,"train_steps_per_second":0.419,"_step":456,"total_flos":2.221833730076836e+17,"train/learning_rate":4.434589800443459e-07,"train/global_step":456,"_timestamp":1.7721762826730337e+09,"train_runtime":1088.461,"train_samples_per_second":27.562}