{"_wandb":{"runtime":602},"_runtime":602,"train_loss":0.8798767793596837,"train/loss":0.8123,"train_runtime":604.2405,"train/learning_rate":4.434589800443459e-07,"train/epoch":3,"train/global_step":456,"_timestamp":1.7729040308042872e+09,"train_samples_per_second":49.649,"total_flos":1.4815418565401395e+17,"_step":456,"train/grad_norm":0.37606602907180786,"train_steps_per_second":0.755}