{"_runtime":720,"train_runtime":1219.0277,"_timestamp":1.77138372740782e+09,"train_samples_per_second":24.61,"train/global_step":456,"train_steps_per_second":0.374,"train_loss":0.25296292937638465,"_wandb":{"runtime":720},"_step":456,"train/loss":0.2771,"total_flos":1.6950462553569485e+17,"train/grad_norm":0.7366393208503723,"train/learning_rate":4.434589800443459e-07,"train/epoch":3}