{"_wandb":{"runtime":603},"train_steps_per_second":0.754,"total_flos":1.485948649549271e+17,"_step":456,"train/grad_norm":0.2420148402452469,"_timestamp":1.772915949181613e+09,"train/loss":0.8783,"train/learning_rate":4.434589800443459e-07,"train_samples_per_second":49.604,"_runtime":603,"train/global_step":456,"train_runtime":604.785,"train_loss":0.9268538502224705,"train/epoch":3}