{"_timestamp":1.7719920148119886e+09,"train_steps_per_second":0.698,"train/learning_rate":4.434589800443459e-07,"_step":456,"train/grad_norm":0.7877195477485657,"train_runtime":653.3397,"train_samples_per_second":45.918,"train/epoch":3,"_wandb":{"runtime":633},"train/global_step":456,"total_flos":1.4749831462651085e+17,"_runtime":633,"train/loss":0.2791,"train_loss":0.27855294446150464}