{"_wandb":{"runtime":603},"train/epoch":3,"_runtime":603,"train_loss":0.9154321624521624,"train/loss":0.8947,"train/global_step":456,"train/learning_rate":4.434589800443459e-07,"train_samples_per_second":49.573,"train_steps_per_second":0.754,"train_runtime":605.1645,"train/grad_norm":0.24248413741588593,"_timestamp":1.7729190477650626e+09,"total_flos":1.4845276523827814e+17,"_step":456}