{"total_flos":1.4774669131686912e+17,"train_loss":0.2946183629203261,"train/loss":0.2718,"train_steps_per_second":0.672,"_wandb":{"runtime":660},"_timestamp":1.771991393156051e+09,"train/global_step":456,"train/epoch":3,"_runtime":660,"train/grad_norm":0.770594596862793,"train/learning_rate":4.434589800443459e-07,"train_runtime":678.4281,"_step":456,"train_samples_per_second":44.22}