{"train/grad_norm":0.4379551112651825,"train_steps_per_second":0.514,"_timestamp":1.772177910397096e+09,"train/epoch":3,"train/global_step":456,"train/learning_rate":4.434589800443459e-07,"train_runtime":887.1348,"_runtime":885,"train_samples_per_second":33.817,"total_flos":2.2218737222126592e+17,"train_loss":0.28367319964525994,"_wandb":{"runtime":885},"_step":456,"train/loss":0.2966}