{"train_runtime":604.9233,"train_steps_per_second":0.754,"train_loss":0.930052215592903,"train/grad_norm":0.331984281539917,"train/loss":0.9396,"train/learning_rate":4.434589800443459e-07,"total_flos":1.4853649345455514e+17,"_wandb":{"runtime":603},"train/epoch":3,"train_samples_per_second":49.593,"_runtime":603,"train/global_step":456,"_timestamp":1.7729182452896984e+09,"_step":456}