{"train_samples_per_second":38.64,"_wandb":{"runtime":636},"_step":456,"train/learning_rate":4.434589800443459e-07,"_timestamp":1.7722214900583673e+09,"train/grad_norm":0.9279410243034363,"train_runtime":776.3945,"_runtime":636,"train/global_step":456,"train_loss":0.4710094909788224,"train/epoch":3,"train_steps_per_second":0.587,"total_flos":1.4810449329801216e+17,"train/loss":0.3963}