{"_wandb":{"runtime":609},"train/epoch":3,"train_steps_per_second":0.746,"_step":456,"train/loss":0.2879,"train/grad_norm":0.6581410765647888,"train/learning_rate":4.434589800443459e-07,"total_flos":1.4807981729931264e+17,"train/global_step":456,"train_samples_per_second":49.083,"train_loss":0.3531440680748538,"_runtime":609,"_timestamp":1.7717184282369199e+09,"train_runtime":611.2083}