{"train/epoch":3,"_runtime":681,"_wandb":{"runtime":681},"train/learning_rate":4.434589800443459e-07,"train_loss":0.23520969619092189,"train/loss":0.1788,"train/grad_norm":0.6699162721633911,"train_runtime":682.5174,"total_flos":1.6982371172577485e+17,"train/global_step":456,"_timestamp":1.77121959049134e+09,"train_samples_per_second":43.955,"train_steps_per_second":0.668,"_step":456}