{"train/learning_rate":4.434589800443459e-07,"_timestamp":1.7721809483018184e+09,"train_runtime":886.9983,"train/epoch":3,"train_steps_per_second":0.514,"total_flos":2.2211411003202355e+17,"train_loss":0.26778960561281756,"_wandb":{"runtime":885},"train/loss":0.2111,"train_samples_per_second":33.822,"train/grad_norm":0.39220768213272095,"train/global_step":456,"_runtime":885,"_step":456}