{"train/loss":0.1955,"_runtime":679,"train/global_step":456,"train/epoch":3,"_timestamp":1.7713864066558728e+09,"train_runtime":681.2783,"train_steps_per_second":0.669,"_step":456,"train/grad_norm":0.6723638772964478,"train/learning_rate":4.434589800443459e-07,"train_samples_per_second":44.035,"total_flos":1.6950164739792077e+17,"_wandb":{"runtime":679},"train_loss":0.2582775600123824}