{"_runtime":760,"train/grad_norm":0.40949782729148865,"_timestamp":1.772907532574423e+09,"_wandb":{"runtime":760},"train/epoch":3,"train_samples_per_second":39.37,"train/loss":0.1044,"train/learning_rate":4.434589800443459e-07,"train_runtime":762.0042,"_step":456,"train_steps_per_second":0.598,"total_flos":1.9326037966302413e+17,"train_loss":0.14563006138134943,"train/global_step":456}