{"_timestamp":1.7712180323155289e+09,"train_runtime":681.2272,"train/epoch":3,"train/grad_norm":0.6482197046279907,"train/learning_rate":4.434589800443459e-07,"_step":456,"train_samples_per_second":44.038,"train_steps_per_second":0.669,"train_loss":0.23216982110681242,"_runtime":680,"train/global_step":456,"_wandb":{"runtime":680},"total_flos":1.699133111279493e+17,"train/loss":0.189}