{"_wandb":{"runtime":850},"_step":456,"total_flos":2.1260372486427648e+17,"train_samples_per_second":34.397,"train/global_step":456,"_timestamp":1.7710891823523092e+09,"train/grad_norm":0.5995921492576599,"train/loss":0.486,"train/learning_rate":4.434589800443459e-07,"_runtime":850,"train/epoch":3,"train_loss":0.555551400048691,"train_steps_per_second":0.523,"train_runtime":872.1771}