{"total_flos":1.8905299425027994e+17,"train/loss":0.4343,"train/learning_rate":4.5558086560364467e-07,"train_runtime":744.2225,"_timestamp":1.7729168924773798e+09,"train/global_step":444,"train_samples_per_second":39.323,"train_loss":0.4463199314636153,"_wandb":{"runtime":742},"train/epoch":3,"_runtime":742,"_step":444,"train/grad_norm":0.5101398229598999,"train_steps_per_second":0.597}