{"train_samples_per_second":19.162,"train_steps_per_second":0.291,"total_flos":1.477850667493294e+17,"train_loss":0.29748185923355713,"_timestamp":1.7717109376859562e+09,"train/global_step":456,"_step":456,"train/loss":0.2179,"train/grad_norm":0.6835553646087646,"_wandb":{"runtime":633},"train/epoch":3,"_runtime":633,"train/learning_rate":4.434589800443459e-07,"train_runtime":1565.6202}