{"train/epoch":3,"_wandb":{"runtime":651},"_timestamp":1.7722305055149014e+09,"train_steps_per_second":0.387,"train/global_step":456,"train_runtime":1178.7475,"train_loss":0.4412727476212016,"train/loss":0.3567,"train_samples_per_second":25.451,"_runtime":651,"train/learning_rate":4.434589800443459e-07,"total_flos":1.4815418565401395e+17,"_step":456,"train/grad_norm":0.7772782444953918}