{"train_samples_per_second":43.924,"train_steps_per_second":0.668,"train_loss":0.2645818499292721,"_runtime":681,"train/learning_rate":4.434589800443459e-07,"train/grad_norm":0.5606032609939575,"train/global_step":456,"total_flos":1.6981656419511706e+17,"_wandb":{"runtime":681},"train/loss":0.1775,"_step":456,"train/epoch":3,"_timestamp":1.771388376810426e+09,"train_runtime":682.9947}