{"train_samples_per_second":36.549,"_runtime":819,"total_flos":2.1257862341732352e+17,"_step":456,"train/learning_rate":4.434589800443459e-07,"train/epoch":3,"train_loss":0.5513601699811325,"_wandb":{"runtime":819},"train/global_step":456,"train_runtime":820.8154,"train/loss":0.5444,"train/grad_norm":0.598761260509491,"train_steps_per_second":0.556,"_timestamp":1.7710581885699093e+09}