{"train_runtime":826.5922,"total_flos":2.1258551567902925e+17,"_step":456,"train_loss":0.5550085884567938,"_wandb":{"runtime":824},"train/grad_norm":0.6452194452285767,"train/epoch":3,"_timestamp":1.771135218912272e+09,"train_samples_per_second":36.294,"train/global_step":456,"train_steps_per_second":0.552,"_runtime":824,"train/learning_rate":4.434589800443459e-07,"train/loss":0.5881}