{"_timestamp":1.772911800485229e+09,"train/epoch":3,"train_samples_per_second":39.284,"train_steps_per_second":0.597,"total_flos":1.938321821156475e+17,"train/grad_norm":0.6805127263069153,"train_loss":0.42956066811293886,"_runtime":762,"train/global_step":456,"train/loss":0.385,"train/learning_rate":4.434589800443459e-07,"train_runtime":763.6746,"_wandb":{"runtime":762},"_step":456}