{"_wandb":{"runtime":620},"total_flos":1.4803735756361933e+17,"train/learning_rate":4.434589800443459e-07,"_step":456,"train/loss":0.3603,"train_runtime":622.734,"train_loss":0.4655534600871697,"train/grad_norm":0.7355549335479736,"_runtime":620,"train/global_step":456,"train/epoch":3,"_timestamp":1.7722333876962888e+09,"train_samples_per_second":48.175,"train_steps_per_second":0.732}