{"total_flos":1.4796817967761e+17,"_timestamp":1.7717168081228435e+09,"train/learning_rate":4.434589800443459e-07,"_step":456,"train/loss":0.4518,"train_samples_per_second":49.239,"train_steps_per_second":0.748,"train_runtime":609.2763,"train_loss":0.3523029676524171,"train/grad_norm":0.8027149438858032,"_runtime":608,"train/epoch":3,"_wandb":{"runtime":608},"train/global_step":456}