{"train/loss":0.2849,"train/grad_norm":0.712388813495636,"train_samples_per_second":49.273,"total_flos":1.4754383758962893e+17,"train/learning_rate":4.434589800443459e-07,"train/epoch":3,"_wandb":{"runtime":607},"train/global_step":456,"_step":456,"_timestamp":1.771444422210113e+09,"train_runtime":608.8577,"train_steps_per_second":0.749,"train_loss":0.30886590869672464,"_runtime":607}