{"_step":456,"train/epoch":3,"train/loss":0.1939,"train/global_step":456,"_wandb":{"runtime":636},"_runtime":636,"train/grad_norm":0.6860051155090332,"total_flos":1.4785135158721536e+17,"train_loss":0.27942131583889324,"train/learning_rate":4.434589800443459e-07,"train_samples_per_second":28.797,"train_steps_per_second":0.438,"_timestamp":1.7720410709037008e+09,"train_runtime":1041.7754}